1|Alice Johnson|Librarian|alice.johnson@email.com
2|Bob Smith|Library Manager|bob.smith@email.com
3|Charlie Brown|Library Assistant|charlie.brown@email.com
4|Diana White|Head Librarian|diana.white@email.com
5|Eve Green|Technician|eve.green@email.com
6|Agus Salim|Cleaning Service|agussalim@gmail.com
7|Budi Santoso|Security Staff|budi.s@email.com
8|Citra Dewi|Cataloger|citra.d@email.com
9|Dina Kurnia|Archivist|dina.k@email.com
10|Eko Prasetyo|IT Support|eko.p@email.com
11|Fani Lestari|Public Relations|fani.l@email.com
12|Gita Amelia|Event Coordinator|gita.a@email.com
13|Hadi Wijaya|Maintenance|hadi.w@email.com
14|Ida Bagus|Legal Advisor|ida.b@email.com
15|Joko Susilo|HR Manager|joko.s@email.com
16|Kartika Sari|Finance Officer|kartika.s@email.com
17|Lina Mariana|Acquisition Staff|lina.m@email.com
18|Maman Sudirman|Photographer|maman.s@email.com
19|Nia Ramadhani|Copy Editor|nia.r@email.com
20|Oscar Wijaya|Researcher|oscar.w@email.com
21|Putri Lestari|Marketing Staff|putri.l@email.com
22|Quinn Aliyah|Data Entry|quinn.a@email.com
23|Rudi Hermanto|Volunteer Coordinator|rudi.h@email.com
24|Sinta Bella|Curator|sinta.b@email.com
25|Toni Pratama|Web Developer|toni.p@email.com
26|Umar Said|Community Outreach|umar.s@email.com
27|Vina Oktavia|Student Intern|vina.o@email.com
28|Wayan Putra|Security Guard|wayan.p@email.com
29|Xavier Lee|Digital Archivist|xavier.l@email.com
30|Yuni Kartika|Customer Service|yuni.k@email.com
31|Zahra Nur|Media Specialist|zahra.n@email.com
32|Andi Permana|Librarian Assistant|andi.p@email.com
33|Bella Cahaya|Circulation Staff|bella.c@email.com
34|Candra Kirana|Collection Developer|candra.k@email.com
35|Dani Wijaya|Interlibrary Loan|dani.w@email.com
36|Erma Suranti|Research Assistant|erma.s@email.com
37|Fajar Siddiq|Technical Services|fajar.s@email.com
38|Gita Putri|Youth Services|gita.p@email.com
39|Harry Gunawan|Special Collections|harry.g@email.com
40|Indra Kusuma|Preservation Staff|indra.k@email.com
41|Jasmine Azzahra|Audiovisual Specialist|jasmine.a@email.com
42|Kevin Sanjaya|Network Administrator|kevin.s@email.com
43|Larasati Dewi|Reference Librarian|larasati.d@email.com
44|Made Guna|Systems Librarian|made.g@email.com
45|Nana Mulyani|Outreach Coordinator|nana.m@email.com
46|Oktavia Sari|Education Programs|oktavia.s@email.com
47|Pandu Dirgantara|Exhibits Designer|pandu.d@email.com
48|Rina Wahyuni|Administrative Assistant|rina.w@email.com
49|Sigit Purnomo|Grant Writer|sigit.p@email.com
50|Tari Amalia|Volunteer Liaison|tari.a@email.com
51|Ujang Rahman|Book Repairer|ujang.r@email.com
52|Vina Indah|Digital Content|vina.i@email.com
53|Wahyu Santoso|Facility Manager|wahyu.s@email.com
54|Xena Putri|Acquisitions Assistant|xena.p@email.com
55|Yoga Pratama|Library Aide|yoga.p@email.com
